deploy_ts,pod_name,workload_type,scheduler
1778436985.395400142,mongo-workload-1,mongo,default-scheduler
1778437005.656679672,postgre-workload-1,postgre,default-scheduler
1778437025.883728100,fusion-workload-1,fusion,default-scheduler
1778437046.112652434,fusion-v2-workload-1,fusion-v2,default-scheduler
1778437066.345768062,mongo-workload-2,mongo,default-scheduler
1778437086.571140924,postgre-workload-2,postgre,default-scheduler
1778437106.802097134,fusion-workload-2,fusion,default-scheduler
1778437127.042776709,fusion-v2-workload-2,fusion-v2,default-scheduler
1778437147.268728974,mongo-workload-3,mongo,default-scheduler
1778437167.515862376,postgre-workload-3,postgre,default-scheduler
1778437187.746676886,fusion-workload-3,fusion,default-scheduler
1778437207.970887071,fusion-v2-workload-3,fusion-v2,default-scheduler
1778437228.188790784,mongo-workload-4,mongo,default-scheduler
1778437248.406854793,postgre-workload-4,postgre,default-scheduler
1778437268.620905773,fusion-workload-4,fusion,default-scheduler
1778437288.871259593,fusion-v2-workload-4,fusion-v2,default-scheduler
1778437309.098900889,mongo-workload-5,mongo,default-scheduler
1778437329.318401089,postgre-workload-5,postgre,default-scheduler
1778437349.545171557,fusion-workload-5,fusion,default-scheduler
1778437369.771043948,fusion-v2-workload-5,fusion-v2,default-scheduler
1778437389.993067902,mongo-workload-6,mongo,default-scheduler
1778437410.233889255,postgre-workload-6,postgre,default-scheduler
1778437430.458743126,fusion-workload-6,fusion,default-scheduler
1778437450.679559425,fusion-v2-workload-6,fusion-v2,default-scheduler
1778437470.896261425,mongo-workload-7,mongo,default-scheduler
1778437491.122731964,postgre-workload-7,postgre,default-scheduler
1778437511.348039238,fusion-workload-7,fusion,default-scheduler
1778437531.569122314,fusion-v2-workload-7,fusion-v2,default-scheduler
1778437551.801819751,mongo-workload-8,mongo,default-scheduler
1778437572.039081524,postgre-workload-8,postgre,default-scheduler
1778437592.258071591,fusion-workload-8,fusion,default-scheduler
1778437612.487165180,fusion-v2-workload-8,fusion-v2,default-scheduler
1778437632.728953198,mongo-workload-9,mongo,default-scheduler
1778437652.970160553,postgre-workload-9,postgre,default-scheduler
1778437673.195569930,fusion-workload-9,fusion,default-scheduler
1778437693.447884940,fusion-v2-workload-9,fusion-v2,default-scheduler
1778437713.690870140,mongo-workload-10,mongo,default-scheduler
1778437733.929028930,postgre-workload-10,postgre,default-scheduler
1778437754.158979541,fusion-workload-10,fusion,default-scheduler
1778437774.401182825,fusion-v2-workload-10,fusion-v2,default-scheduler
1778437794.638247653,mongo-workload-11,mongo,default-scheduler
1778437814.856354670,postgre-workload-11,postgre,default-scheduler
1778437835.083280509,fusion-workload-11,fusion,default-scheduler
1778437855.315430403,fusion-v2-workload-11,fusion-v2,default-scheduler
1778437875.536185974,mongo-workload-12,mongo,default-scheduler
1778437895.752101188,postgre-workload-12,postgre,default-scheduler
1778437915.981836341,fusion-workload-12,fusion,default-scheduler
1778437936.217638485,fusion-v2-workload-12,fusion-v2,default-scheduler
1778437956.433414573,mongo-workload-13,mongo,default-scheduler
1778437976.669244628,postgre-workload-13,postgre,default-scheduler
1778437996.888950523,fusion-workload-13,fusion,default-scheduler
1778438017.120920310,fusion-v2-workload-13,fusion-v2,default-scheduler
1778438037.336243189,mongo-workload-14,mongo,default-scheduler
1778438057.568974501,postgre-workload-14,postgre,default-scheduler
1778438077.786601177,fusion-workload-14,fusion,default-scheduler
1778438098.016706952,fusion-v2-workload-14,fusion-v2,default-scheduler
1778438118.249283008,mongo-workload-15,mongo,default-scheduler
1778438138.481537624,postgre-workload-15,postgre,default-scheduler
1778438158.699625679,fusion-workload-15,fusion,default-scheduler
1778438178.920362684,fusion-v2-workload-15,fusion-v2,default-scheduler
1778438199.143824974,mongo-workload-16,mongo,default-scheduler
1778438219.362625054,postgre-workload-16,postgre,default-scheduler
1778438239.574865069,fusion-workload-16,fusion,default-scheduler
1778438259.800335299,fusion-v2-workload-16,fusion-v2,default-scheduler
1778438280.035219049,mongo-workload-17,mongo,default-scheduler
1778438300.275867001,postgre-workload-17,postgre,default-scheduler
1778438320.486570687,fusion-workload-17,fusion,default-scheduler
1778438340.734187300,fusion-v2-workload-17,fusion-v2,default-scheduler
1778438360.954824629,mongo-workload-18,mongo,default-scheduler
1778438381.216945734,postgre-workload-18,postgre,default-scheduler
1778438401.445157833,fusion-workload-18,fusion,default-scheduler
1778438421.706923406,fusion-v2-workload-18,fusion-v2,default-scheduler
1778438441.923175656,mongo-workload-19,mongo,default-scheduler
1778438462.159308619,postgre-workload-19,postgre,default-scheduler
1778438482.382341286,fusion-workload-19,fusion,default-scheduler
1778438502.610545915,fusion-v2-workload-19,fusion-v2,default-scheduler
1778438522.848481887,mongo-workload-20,mongo,default-scheduler
1778438543.073610958,postgre-workload-20,postgre,default-scheduler
1778438563.311108647,fusion-workload-20,fusion,default-scheduler
1778438583.543915954,fusion-v2-workload-20,fusion-v2,default-scheduler
1778438603.770998890,mongo-workload-21,mongo,default-scheduler
1778438624.016018342,postgre-workload-21,postgre,default-scheduler
1778438644.240818738,fusion-workload-21,fusion,default-scheduler
1778438664.466783299,fusion-v2-workload-21,fusion-v2,default-scheduler
1778438684.693061752,mongo-workload-22,mongo,default-scheduler
1778438704.941120113,postgre-workload-22,postgre,default-scheduler
1778438725.165973477,fusion-workload-22,fusion,default-scheduler
1778438745.392607807,fusion-v2-workload-22,fusion-v2,default-scheduler
1778438765.620340412,mongo-workload-23,mongo,default-scheduler
1778438785.859093543,postgre-workload-23,postgre,default-scheduler
1778438806.096151719,fusion-workload-23,fusion,default-scheduler
1778438826.335193834,fusion-v2-workload-23,fusion-v2,default-scheduler
1778438846.551012649,mongo-workload-24,mongo,default-scheduler
1778438866.767171022,postgre-workload-24,postgre,default-scheduler
1778438886.987700939,fusion-workload-24,fusion,default-scheduler
1778438907.226209822,fusion-v2-workload-24,fusion-v2,default-scheduler
1778438927.491371769,mongo-workload-25,mongo,default-scheduler
1778438947.725977228,postgre-workload-25,postgre,default-scheduler
1778438967.979980055,fusion-workload-25,fusion,default-scheduler
1778438988.207296520,fusion-v2-workload-25,fusion-v2,default-scheduler
